,temp,atemp,hum,windspeed
temp,1.0,0.9917015532294651,0.12696293902718872,-0.15794412041209976
atemp,0.9917015532294651,1.0,0.13998805994655983,-0.18364296669082836
hum,0.12696293902718872,0.13998805994655983,1.0,-0.24848909864371382
windspeed,-0.15794412041209976,-0.18364296669082836,-0.24848909864371382,1.0
