,Model,Training MAPE,Training RMSE,Test MAPE,Test RMSE
0,Multiple Linear Regressor,44.109373722098624,756.0805803042368,18.26296727119889,780.3038784296701
1,Support Vector Regressor,45.8523518443333,772.3799723033998,18.00846590214245,765.0850267714243
2,Decision Tree Regressor,51.80972536344335,706.5774515956749,25.133274416806728,892.3619572432774
3,Random Forest Regressor,27.097224227413776,368.14911922970026,20.023176215268467,708.9514927837367
